Academy of Equipment
AMD,AMD Research,Advanced Micro Devices, AMD Inc.,Advanced Micro Devices; Inc.
Apple
ARM,ARM Holdings,ARM Research,Arm Inc.,Arm,Arm Inc
ASU,Arizona State,Arizona State University,
Ajou University
Mei University
TOBB university,TOBB
Yale University,Yale
University of Arizona
University of Kent,Kent
University of Twente
University of Utah,Utah,U. of Utah
University of Iowa
IT University of Copenhagen
BSC,Barcelona Supercomputing Center,Barcelona Supercomputing Center - BSC
Binghampton,Binghampton University,SUNY,SUNY Binghampton,Binghamton University,SUNY Binghamton,Binghamton
Boston University,BU,Boston,Boston U
Brown,Brown University
Bar Ilan University
BYU,Brigham Young,Brigham Young University
Cambridge,Cambridge University,U Cambridge,University of Cambridge
Campinas,University of Campinas
University of Arkansas
CAS,Chinese Academy of Sciences,ICT,Institute of Computing Technology,CAS/ICT,Institute of Computing Technology Chinese Academy of Sciences,ICT; CAS,ICT; Chinese Academy of Sciences,Institute of Computing Techonlogy; Chinese Academy of Sciences
Illinois Institute of Technology
Univ. of Illinois
Shenzhen Institute of Advanced Technology; CAS
Catania,University of Catania
University of Alberta
Cavium,Cavium Inc
Chalmers,Chalmers University of Technology
HK,City University of Hong Kong
Chinese University of Hong Kong, Chinese University at Hong Kong
CMU,Carnegie Mellon,Carnegie Mellon University,Carnegie Mellon University / ETHZ,Carnegie Melon University
Columbia,Columbia University
Cyprus,University of Cyprus,U. Cyprus
Connecticut,Uniersity of Connecticut,U Connecticut,Univ. of Connecticut
Cornell,Cornell University
Drexel University,Drexel
Duke,Duke University
Asoka University
Nagoya University
Edinburgh,University of Edinburgh,U. Edinburgh,U. of Edinburgh
EPFL
ETH,ETHZ,ETH Zurich,ETH Zürich,ETH-Zurich
Facebook,Facebook Research,Facebook/NYU,NYU,Facebook and NYU
Florida,University of Florida,U of Florida,Univ of Florida,Univ. of Florida
Fujitsu
Ghent,Ghent University,Ghen,Ghent University - UGent,UGent,University of Ghent
Georgia Tech,GT,Georgia,Georgia Institute of Technology,(Georgia Tech, GA Tech,GATech,GaTech
UGA, University of Georgia
George Washington University,GWU,George
George Mason University
Georgetown University
Washington State University
Google,Google/Berkeley,Google/UC Berkeley
Harvard,Harvard University,Saarland University,Saarland
HP,Hewlett Packard,Hewlett Packard Enterprise, Hewlett Packard Labs,HP Labs,Hewlett-Packard
Houston,University of Houston
Huawei,Huawei Technologies
IDA
IBM,IBM Research,IBM T. J. Watson Research Center
IISc,Indian Institute of Science,IISc. India, Indian Institute of Sciences,Indian Institute of Sciences,Indian Institute of Science; Bangalore,IISc Bangalore
IIT,Indian Institute of Technology,Indian Institute of Technology Kanpur,Indian Institute of Technology; Chennai
INRIA,IRISA/INRIA 2015,Inria
IFLYTECH,IFLYTEK
Intel,Intel Labs,Intel Corporation,INTEL,intel,IBM Corporation,Intel Corp,Intel Corp.
KAIST,KAIST; Korea,Korea Advanced Institute of Science and Technology,
Kore,Kore University,Korea University
Kyushu,Kyushu University
KTH Royal Institute of Technology, KTH
Ulsan National Institute of Science and Technology
LLNL,Lawrence Livermore National Labs,Lawrence Livermore National Laboratory,Livermore
Argonne National Laboratory,Argonne National Labs
LBNL,Lawrence Berkeley National Labs,Lawrence Berkeley National Laboratory,Lawrence Berkeley National Lab
Micron
Microsoft,Microsoft Research,MSR,UT/Microsoft,All Microsoft
Minnesota,University of Minnesota,U of Minnesota,University Minnesota,University of Minesotta
MIT,Massachusetts Institute of Technology, MIT CSAIL
NCSU,North Carolina State University,N.C. State,NC State University,NC State
NTU,National Taiwan University,National Taiwan U
Tsinghua, National Tsinghua University,National Tsing Hua University,Tsinghua University
NUS, National University of Singapore,National University of Singapore
NII,National Institute of Informatics
NJIT,New Jersey Institute of Technology
Northeastern,Northeastern University,NorthEastern
Northwestern,Northwestern University
NSF,National Science Foundation
NVIDIA,MIT/NVIDIA,MIT; Nvidia,NVIDIA/MIT,NVidia,Nvidia,UT/NVIDIA
NUDT,National University of Defense Technology,National Defense University of China,National University of Defence Technology
OKST,Oklahoma State University,OKState,OK State,University of Oklahoma
OSU,Ohio State,Ohio State University,The Ohio State University
Oracle,Oracle Labs,Oracle Corporation,MIT/Oracle Labs
Oregon
Oregon State,Oregon State University
California State University; Fullerton
ORNL,Oak Ridge National Labs,Oak Ridge National Laboratory,Oak Ridge National Lab - ORNL
Pittsburgh,University of Pittsburgh,U Pittsburg,U Pittsburgh,U of Pittsburgh,U.Pittsburgh,University of Pittsburgh, UPitt, U. Pitt,U of Pitt
POSTECH
PSU,Penn State,Penn State University,Pennsylvania State University,Penn State university,Penn. State,U Penn
University of Pennsylvania,Penn
PNNL,Pacific Northwest National Labs,Pacific Northwest National Laboratory,Pacific Northwest National Lab
Princeton,Princeton University
Rice University,Rice
Beihang University
Zhejiang University
Peking University
Purdue,Purdue University,Radboud University
Qualcomm,Qualcomm Research,qualcomm
RDA, RDA Microelectronics
Richmond,University of Richmond
Rochester,University of Rochester,University of Rochseter,U of Rochester,U. Rochester,Univ of Rochester
Samsung,Samsung Electronics,Samsung Research, Samsung R&D Institute, Samsung Electronics Co
LG,LG Electronics
Sandia,Sandia National Labs,Sandia National Laboratory,Sandia National Lab
Seoul National,Seoul,Seoul National University,Seoul University
National Technical University of Athens
Istanbul Technical University
Technical University of Munich,TU Munich
National and Kapodistrian University of Athens,U. Athens,University of Athens
National Chi Nan University
East China Normal University
National Central University
SJTU,Shanghai Jiao Tong University,Shanghai Jiaotong University,Shanghai Jiao Tong
Stanford,Stanford University
SRI,SRI International
Stony Brook,Stony Brook University, SUNY Stony Brook,SUNY Stony Brook
Simon Fraser,Simon Fraser University, SFU,SFU
Sun, Sun Microsystems
Technion
Texas A&M,Texas AM,Texas A&M University,Texas,Texas AM University,texas,Texas A&M International University,Texas A&M International
Texas SA,University of Texas San Antonio,UT San Antonio,U.T. San Antonio, U of Texas San Antonio,U of Texas-San Antonio,UT,University of Texas
University of North Texas,Univ. of North Texas,Univ. North Texas
TI,Texas Instruments
Tokyo,University of Tokyo,The University of Tokyo,University of the Pacific
Toronto,University of Toronto, U Toronto,U of Toronto,U. of Toronto
University of Bristol; UK
TSMC,Taiwan Semiconductor Manufacturing Company
TU Vienna
Tufts,Tufts University
UBC,University of British Columbia,University of British Coliumbia,Univ. of British Columbia
Berkeley,UCB,University of California Berkeley,UC Berkeley,U.C. Berkeley,University of California; Berkely,
University of California Merced,UC Merced
University of California; Irvine,University of California-Irvine
University of California; Davis,UC Davis
UCLA,University of California Los Angeles,University of California; Los Angeles
UCSB,University of California Santa Barbara,UC Santa Barbara,UC; Santa Barbara,UC Santa Barbara/Alibaba,UCSB/Alibaba,Alibaba
UCSD,University of California San Diego,UC San Diego,U.C. San Diego,UC-San Diego,University of California; San Diego
UCSC,University of California Santa Cruz,UC Santa Cruz,University of California; Santa Cruz
UCR,University of California Riverside,UC Riverside,UC-Riverside,UC; Riverside,University of California at Riverside,University of California; Riverside
UIUC,University of Illinois Urbana Champaign,UC Urbana Champaign,U.C. Urbana Champaign, U Illinois, Illinois,(University of Illinois - UIUC,Illinois,University of Illinois,University of Illinois - UIUC,University of Illinois at Urbana-Champaign,University of Illinois; Urbana-Champaign
UMass,University of Massachusetts Amherst,UMass Amherst,UMASS,University of Massachusetts; Amherst
Michigan,University of Michigan Ann Arbor,University of Michigan,University of Michigan at Ann Arbor,University of Michigan; Ann Arbor,University of Michigan; 2020,U Michigan,U. Michigan
MSU,Michigan State University
MTU,Michigan Tech University,Michigan Tech,Michigan Tech. Univ.,Univ. of Michigan
Rhode Island,University of Rhode Island
Rutgers,University of Rutgers,Rutgers University,University of Tehran
USC,University of Southern California
UVA,Virginia,University of Virginia,UVa,The University of Virginia,U. Virginia,University of Virgina
UPC,UPC Barcelona,Universitat Politecnica de Catalunya,Universitat Politècnica de Catalunya, Barcelona Supercomputing Center, BSC,UPC/BSC,Universitat Polit??cnica de Catalunya
Uppsala,Uppsala University
UT Austin,University of Texas Austin,All The University of Texas at Austin,Austin,Texas at Austin,The University of Texas at Austin,UT-Austin,University of Texas - Austin,University of Texas at Austin,University of Texas-Austin,Univ. of Texas; Austin
University of Texas at Arlington
University of Texas at Dallas,UT Dallas,UT dallas
Vanderbilt,Vanderbilt University
VMware,UT Austin/VMware,VMWare
WashU,Washington University of St. Louis,Washington University St. Louis,Washington St. Louis,Washington University at St. Louis,Washington University in St. Louis,U of Washington,Univ. of Washington
Wisconsin,University of Wisconsin Madison,University of Wisconsin, UW Madison,UW Madison,UW-Madison,University Wisconsin,University of Wisconsin - Madison,University of Wisconsin - Madison; 2020,University of Wisconsin -Madison,University of Wisconsin--Madison,University of Wisconsin-Madison,University of Wisconsin; Madison,U Wisconsin,U of Wisconsin,Univ of Wisconsin; Madison,Univ. of Wisconsin,University of Wisconsin - La Crosse,UWisc,U. Wisc.,U Wisc
William and Mary,College of William and Mary,William & Mary,Collage of Willaim and Marry,College of W&M,W&M,College W&M
WD,Western Digital,Western Digital Co
Washington,UW,University of Washington,University of Washington/AMD,Washington University,U Washington,U. Washington
Vencore,Vencore Labs
Yonsei,Yonsei University
Hongik University,Hongkik University
QCRI
Chicago, University of Chicago,University of Chicago,University of Illinois; Chicago,U of Chicago,U Chicago
Waterloo, University of Waterloo,University of Waterloo,Univ. of Waterloo
Sharif, Sharif University of Technology,King Mongkut's University of Technology North Bangkok
Hong Kong University of Science and Technology
HUST,Huazhong University of Science and Technology
Pohang University of Science and Technology
Norwegian University of Science and Technology,NTNU,Norwegian University of Science and Technology - NTNU
UCF,University of Central Florida
USF,University of South Florida
Florida International University
Australian National University
FSU,Florida State University
